PRODUCT_SKU,PRODUCT_TITLE,WEIGHT,LENGTH,WIDTH,HEIGHT,,,
BD-Ankle_Weight-2kg,2kg Ankle Weight Wrist Power Strap Exercise,,,,,,,"{sku:'BD-Ankle_Weight-2kg',title:'2kg Ankle Weight Wrist Power Strap Exercise',weight:,l:,w:,h:},"
BD-Clock-PL-2045,30 CM Quartz Black Cat Tail Swinging Clock,,,,,,,"{sku:'BD-Clock-PL-2045',title:'30 CM Quartz Black Cat Tail Swinging Clock',weight:,l:,w:,h:},"
BD-SCL-300kg,300KGs Digital Price Weight Computing Scale,,,,,,,"{sku:'BD-SCL-300kg',title:'300KGs Digital Price Weight Computing Scale',weight:,l:,w:,h:},"
BD-AIRPOT-3L,3L Airpot Thermos Stainless Steel Vacuum Flask Insulated Pump Pot,,,,,,,"{sku:'BD-AIRPOT-3L',title:'3L Airpot Thermos Stainless Steel Vacuum Flask Insulated Pump Pot',weight:,l:,w:,h:},"
BD-Ladder-2.5+2.5,5 Meter Aluminium Telescopic Ladder,18.05,48,19,95,,,"{sku:'BD-Ladder-2.5+2.5',title:'5 Meter Aluminium Telescopic Ladder',weight:18.05,l:48,w:19,h:95},"
BD-AquaLife-70L-tank-cabinet,70L Fish Tank Aquarium Curved Glass Filter Pump Light With Cabinet Stand,,,,,,,"{sku:'BD-AquaLife-70L-tank-cabinet',title:'70L Fish Tank Aquarium Curved Glass Filter Pump Light With Cabinet Stand',weight:,l:,w:,h:},"
BD-PSSL03-1,Above Ground Swimming Pool Ladder 2 Steps,5.6,70,31,12,,,"{sku:'BD-PSSL03-1',title:'Above Ground Swimming Pool Ladder 2 Steps',weight:5.6,l:70,w:31,h:12},"
BD-SitUP-6455,Adjustable Folding Abdominal Sit Up Bench,,,,,,,"{sku:'BD-SitUP-6455',title:'Adjustable Folding Abdominal Sit Up Bench',weight:,l:,w:,h:},"
BD-YH-AC61,Air Compressor Electric Tyre Pump Car Bike 4WD Truck Air Bed Inflator 100psi 12V,,,,,,,"{sku:'BD-YH-AC61',title:'Air Compressor Electric Tyre Pump Car Bike 4WD Truck Air Bed Inflator 100psi 12V',weight:,l:,w:,h:},"
BD-PAC08,Automatic Pool Cleaner Vacuum w/ 10M Hose,6.1,85,18,44,,,"{sku:'BD-PAC08',title:'Automatic Pool Cleaner Vacuum w/ 10M Hose',weight:6.1,l:85,w:18,h:44},"
BD-YLT0066-Toilet,Bathroom Vanities Storage Minimalist,,,,,,,"{sku:'BD-YLT0066-Toilet',title:'Bathroom Vanities Storage Minimalist',weight:,l:,w:,h:},"
BD-Umbrella,Beach Umbrella Outdoor Sun Shade,,,,,,,"{sku:'BD-Umbrella',title:'Beach Umbrella Outdoor Sun Shade',weight:,l:,w:,h:},"
BD-YLT0603,Clothes Hanger Stainless Steel Tube Stand,,,,,,,"{sku:'BD-YLT0603',title:'Clothes Hanger Stainless Steel Tube Stand',weight:,l:,w:,h:},"
BD-AquaLife-S500-cabinet,Fish Tank Aquarium Cabinet Stand - 500 x 290 x 625 mm,,,,,,,"{sku:'BD-AquaLife-S500-cabinet',title:'Fish Tank Aquarium Cabinet Stand - 500 x 290 x 625 mm',weight:,l:,w:,h:},"
BD-Fishing-Landing-Net,Fishing Landing Net Telescopic Aluminium Pole,,,,,,,"{sku:'BD-Fishing-Landing-Net',title:'Fishing Landing Net Telescopic Aluminium Pole',weight:,l:,w:,h:},"
BD-sit-up-lwh1008B,FitnessPro Sit Up Bench Free Dumbbells Included,,,,,,,"{sku:'BD-sit-up-lwh1008B',title:'FitnessPro Sit Up Bench Free Dumbbells Included',weight:,l:,w:,h:},"
BD-06006-BATHTUB-GREEN,Folding Bath Tub - Newborn Baby |Toddler | Walker- Green,,,,,,,"{sku:'BD-06006-BATHTUB-GREEN',title:'Folding Bath Tub - Newborn Baby |Toddler | Walker- Green',weight:,l:,w:,h:},"
BD-06006-BATHTUB-BLUE,Folding Bath Tub - Newborn Baby |Toddler | Walker-Blue,,,,,,,"{sku:'BD-06006-BATHTUB-BLUE',title:'Folding Bath Tub - Newborn Baby |Toddler | Walker-Blue',weight:,l:,w:,h:},"
BD-SpeedBall-8312,Freestanding Speed ball Training Punching Ball Boxing Punch Stand,,,,,,,"{sku:'BD-SpeedBall-8312',title:'Freestanding Speed ball Training Punching Ball Boxing Punch Stand',weight:,l:,w:,h:},"
BD-Uni-Black-24-Inch,Fun Unicycle Circus Bike 24 Inch Black,5.8,60,18.5,62,,,"{sku:'BD-Uni-Black-24-Inch',title:'Fun Unicycle Circus Bike 24 Inch Black',weight:5.8,l:60,w:18.5,h:62},"
BD-Uni-Black-26-Inch,Fun Unicycle Circus Bike 26 Inch Black,6.1,65,19,67,,,"{sku:'BD-Uni-Black-26-Inch',title:'Fun Unicycle Circus Bike 26 Inch Black',weight:6.1,l:65,w:19,h:67},"
BD-GBA01L-Glass-Chess,Glass Chess Set Board Games Home And Office Decor,2.3,39,39,7,,,"{sku:'BD-GBA01L-Glass-Chess',title:'Glass Chess Set Board Games Home And Office Decor',weight:2.3,l:39,w:39,h:7},"
BD-MasterChef,GrillPro Non-Stick Cast Aluminium BBQ Pan,,,,,,,"{sku:'BD-MasterChef',title:'GrillPro Non-Stick Cast Aluminium BBQ Pan',weight:,l:,w:,h:},"
BD-bbq1008,Kettle Trolley Charcoal BBQ Grill Barbecue,3.4,40,29,28,,,"{sku:'BD-bbq1008',title:'Kettle Trolley Charcoal BBQ Grill Barbecue',weight:3.4,l:40,w:29,h:28},"
BD-Clock-N18-black,Large Modern Wall Clock Home Decor Silent Quartz Black | White,3.5,50,50,11,,,"{sku:'BD-Clock-N18-black',title:'Large Modern Wall Clock Home Decor Silent Quartz Black | White',weight:3.5,l:50,w:50,h:11},"
BD-WB-NB--90x120,Mobile Whiteboard Magnetic Marker White Board | 90x120cm,,,,,,,"{sku:'BD-WB-NB--90x120',title:'Mobile Whiteboard Magnetic Marker White Board | 90x120cm',weight:,l:,w:,h:},"
BD-Clock-N20-black,Modern Wall Clock 50cm Large Quartz - Black,4.5,58,55,10,,,"{sku:'BD-Clock-N20-black',title:'Modern Wall Clock 50cm Large Quartz - Black',weight:4.5,l:58,w:55,h:10},"
BD-Clock-N20-white,Modern Wall Clock 50cm Large Quartz - White,4.5,58,55,10,,,"{sku:'BD-Clock-N20-white',title:'Modern Wall Clock 50cm Large Quartz - White',weight:4.5,l:58,w:55,h:10},"
BD-Ladder-404,Multi PurposeAluminium Folding Ladder - 4.7M,,,,,,,"{sku:'BD-Ladder-404',title:'Multi PurposeAluminium Folding Ladder - 4.7M',weight:,l:,w:,h:},"
BD-BBQ-BY1021,PortableFolding BBQ Grill Camping Charcoal,,,,,,,"{sku:'BD-BBQ-BY1021',title:'PortableFolding BBQ Grill Camping Charcoal',weight:,l:,w:,h:},"
BD-Clock-14410Black,Quartz Large Metal Wall Clock Black Silent,2.5,39,36,8,,,"{sku:'BD-Clock-14410Black',title:'Quartz Large Metal Wall Clock Black Silent',weight:2.5,l:39,w:36,h:8},"
BD-Clock-PL804,Quartz Large Roman Retro Silent Wall Clock,,,,,,,"{sku:'BD-Clock-PL804',title:'Quartz Large Roman Retro Silent Wall Clock',weight:,l:,w:,h:},"
BD-DBL-Pan-32cm,Schaffer Double Pan,,,,,,,"{sku:'BD-DBL-Pan-32cm',title:'Schaffer Double Pan',weight:,l:,w:,h:},"
BD-Clock-Pl4007,Submariner Wall Clock Chrome Steel Sport Designer Home Decor,,,,,,,"{sku:'BD-Clock-Pl4007',title:'Submariner Wall Clock Chrome Steel Sport Designer Home Decor',weight:,l:,w:,h:},"
BD-PHR-1001,Swimming Pool Cleaner Hose Reel Caddy,3,49,15,50,,,"{sku:'BD-PHR-1001',title:'Swimming Pool Cleaner Hose Reel Caddy',weight:3,l:49,w:15,h:50},"
BD-Clock12W01,Wall Clock Thermometer Antique Modern Design,,,,,,,"{sku:'BD-Clock12W01',title:'Wall Clock Thermometer Antique Modern Design',weight:,l:,w:,h:},"
BD-PHA-Manual-9m,9M Swimming pool vacuum cleaner hose with end cuffs- Manual,2.3,50,48,15,,,"{sku:'BD-PHA-Manual-9m',title:'9M Swimming pool vacuum cleaner hose with end cuffs- Manual',weight:2.3,l:50,w:48,h:15},"
BD-PHA-Manual-12m,12M Swimming pool vacuum cleaner hose with end cuffs- Manual,3,53,51,19,,,"{sku:'BD-PHA-Manual-12m',title:'12M Swimming pool vacuum cleaner hose with end cuffs- Manual',weight:3,l:53,w:51,h:19},"
BD-PHA-Manual-15m,15M Swimming pool vacuum cleaner hose with end cuffs- Manual,3.7,51,51,25,,,"{sku:'BD-PHA-Manual-15m',title:'15M Swimming pool vacuum cleaner hose with end cuffs- Manual',weight:3.7,l:51,w:51,h:25},"
BD-DBL-PAN-36cm,36cm Double Pan Cook Frying Pan,2,46,36,8,,,"{sku:'BD-DBL-PAN-36cm',title:'36cm Double Pan Cook Frying Pan',weight:2,l:46,w:36,h:8},"
BD-WB-NB--90x180,Mobile Whiteboard Magnetic Marker White Board | 90x180cm,,,,,,,"{sku:'BD-WB-NB--90x180',title:'Mobile Whiteboard Magnetic Marker White Board | 90x180cm',weight:,l:,w:,h:},"
BD-Piano-XY-613,Piano Keyboard Organ Electronic 61 Keys,,,,,,,"{sku:'BD-Piano-XY-613',title:'Piano Keyboard Organ Electronic 61 Keys',weight:,l:,w:,h:},"
BD-Soup_Maker,Superchef Soup Maker Blender,,,,,,,"{sku:'BD-Soup_Maker',title:'Superchef Soup Maker Blender',weight:,l:,w:,h:},"
BD-Clock-14B-black,Nova Clock Metal Number Casing Modern Designer Quartz - Black,2.1,40,36,7,,,"{sku:'BD-Clock-14B-black',title:'Nova Clock Metal Number Casing Modern Designer Quartz - Black',weight:2.1,l:40,w:36,h:7},"
BD-Clock-14B-white,Nova Clock Metal Number Casing Modern Designer Quartz - White,2.1,40,36,7,,,"{sku:'BD-Clock-14B-white',title:'Nova Clock Metal Number Casing Modern Designer Quartz - White',weight:2.1,l:40,w:36,h:7},"
BD-Clock-N12608,Eiffel Wall Clock Metal Casing Vintage Design,2.9,41,41,18,,,"{sku:'BD-Clock-N12608',title:'Eiffel Wall Clock Metal Casing Vintage Design',weight:2.9,l:41,w:41,h:18},"
BD-Clock-510,Wall Clock Steel Modern Design Quartz,2.3,36,36,70,,,"{sku:'BD-Clock-510',title:'Wall Clock Steel Modern Design Quartz',weight:2.3,l:36,w:36,h:70},"
BD-AngryBirdClock-I1209,Quartz Angry Birds Children Wall Clock Decoration,2.3,36,36,70,,,"{sku:'BD-AngryBirdClock-I1209',title:'Quartz Angry Birds Children Wall Clock Decoration',weight:2.3,l:36,w:36,h:70},"
BD-Ice-B-Chairs-Set,2 x Folding Chairs Padded Camping Picnic Arm Foldable Chair,8.3,95,20,35,,,"{sku:'BD-Ice-B-Chairs-Set',title:'2 x Folding Chairs Padded Camping Picnic Arm Foldable Chair',weight:8.3,l:95,w:20,h:35},"
BD-PSSL03-3,Above Ground Swimming Pool Ladder 4 Steps,,,,,,,"{sku:'BD-PSSL03-3',title:'Above Ground Swimming Pool Ladder 4 Steps',weight:,l:,w:,h:},"
BD-Uni-RED-26-Inch,Fun Unicycle Circus Bike 26-Inch Red,6.1,65,19,67,,,"{sku:'BD-Uni-RED-26-Inch',title:'Fun Unicycle Circus Bike 26-Inch Red',weight:6.1,l:65,w:19,h:67},"
BD-LazyLounge-Green,Green Fast Inflatable Sofa Lounge,1.2,40,25,5.5,,,"{sku:'BD-LazyLounge-Green',title:'Green Fast Inflatable Sofa Lounge',weight:1.2,l:40,w:25,h:5.5},"
BD-LazyLounge-Purple,Purple Fast Inflatable Sofa Lounge,1.2,40,25,5.5,,,"{sku:'BD-LazyLounge-Purple',title:'Purple Fast Inflatable Sofa Lounge',weight:1.2,l:40,w:25,h:5.5},"
BD-LazyLounge-blue,Blue Fast Inflatable Sofa Lounge,1.2,40,25,5.5,,,"{sku:'BD-LazyLounge-blue',title:'Blue Fast Inflatable Sofa Lounge',weight:1.2,l:40,w:25,h:5.5},"
BD-LazyLounge-Red,Red Fast Inflatable Sofa Lounge,1.2,40,25,5.5,,,"{sku:'BD-LazyLounge-Red',title:'Red Fast Inflatable Sofa Lounge',weight:1.2,l:40,w:25,h:5.5},"
BD-Steamer-ZGFF-28cm,Stainless Steel Steamer Pot 4 Layers - 28cm,4.3,38,35,32,,,"{sku:'BD-Steamer-ZGFF-28cm',title:'Stainless Steel Steamer Pot 4 Layers - 28cm',weight:4.3,l:38,w:35,h:32},"
BD-Steamer-ZGFF-32cm,Stainless Steel Steamer Pot 4 Layers - 32cm,5.4,40,31,36,,,"{sku:'BD-Steamer-ZGFF-32cm',title:'Stainless Steel Steamer Pot 4 Layers - 32cm',weight:5.4,l:40,w:31,h:36},"
BD-Steamer-ZGFF-36cm,Stainless Steel Steamer Pot 4 Layers - 36cm,6.3,41,37,30,,,"{sku:'BD-Steamer-ZGFF-36cm',title:'Stainless Steel Steamer Pot 4 Layers - 36cm',weight:6.3,l:41,w:37,h:30},"
BD-Steamer-FF-28cm,Stainless Steel Steamer Pot 2 Layers - 28cm,2.1,35,20,30,,,"{sku:'BD-Steamer-FF-28cm',title:'Stainless Steel Steamer Pot 2 Layers - 28cm',weight:2.1,l:35,w:20,h:30},"
BD-Steamer-FF-32cm,Stainless Steel Steamer Pot 2 Layers - 32cm,2.7,38,22,34,,,"{sku:'BD-Steamer-FF-32cm',title:'Stainless Steel Steamer Pot 2 Layers - 32cm',weight:2.7,l:38,w:22,h:34},"
BD-SPEED-BALL-87035,Free Standing Speed ball Training Boxing Punch Speed Ball Stand,,,,,,,"{sku:'BD-SPEED-BALL-87035',title:'Free Standing Speed ball Training Boxing Punch Speed Ball Stand',weight:,l:,w:,h:},"
BD-HG-02-GRILL,SuperChef Electric Power Smokeless Grill BBQ Smoke Indoor w/ Fan Extractor 1500w,5.7,54,19,37,,,"{sku:'BD-HG-02-GRILL',title:'SuperChef Electric Power Smokeless Grill BBQ Smoke Indoor w/ Fan Extractor 1500w',weight:5.7,l:54,w:19,h:37},"
BD-PHA-AUTO-9m,9M Swimming pool vacuum cleaner hose with end cuffs- Automatic,3.7,64,60,16,,,"{sku:'BD-PHA-AUTO-9m',title:'9M Swimming pool vacuum cleaner hose with end cuffs- Automatic',weight:3.7,l:64,w:60,h:16},"
BD-PHA-AUTO-12m,12M Swimming pool vacuum cleaner hose with end cuffs- Automatic,2.3,60,64,14,,,"{sku:'BD-PHA-AUTO-12m',title:'12M Swimming pool vacuum cleaner hose with end cuffs- Automatic',weight:2.3,l:60,w:64,h:14},"
BD-PHA-AUTO-15m,15M Swimming pool vacuum cleaner hose with end cuffs- Automatic,3.9,64,60,20,,,"{sku:'BD-PHA-AUTO-15m',title:'15M Swimming pool vacuum cleaner hose with end cuffs- Automatic',weight:3.9,l:64,w:60,h:20},"
BD-HZA-9901,Portable Stainless Steel BBQ Charcoal Wood,6.2,72,19,32.5,,,"{sku:'BD-HZA-9901',title:'Portable Stainless Steel BBQ Charcoal Wood',weight:6.2,l:72,w:19,h:32.5},"
BD-Clock-14701,Brixton Clock Black Metal Casing Home Decor,2,42,41,11,,,"{sku:'BD-Clock-14701',title:'Brixton Clock Black Metal Casing Home Decor',weight:2,l:42,w:41,h:11},"
BD-AquaLife-100L,100L Fish Tank Aquarium Curved Glass Filter Pump Light,17.6,74,47,64,,,"{sku:'BD-AquaLife-100L',title:'100L Fish Tank Aquarium Curved Glass Filter Pump Light',weight:17.6,l:74,w:47,h:64},"
BD-AquaLife-10L,10L Fish Tank Aquarium Curved Glass Filter Cabinet Stand Pump Light,2.8,31.5,23.5,34,,,"{sku:'BD-AquaLife-10L',title:'10L Fish Tank Aquarium Curved Glass Filter Cabinet Stand Pump Light',weight:2.8,l:31.5,w:23.5,h:34},"
BD-AquaLife-35L,35L Fish Tank Aquarium Curved Glass Filter Pump Light,,,,,,,"{sku:'BD-AquaLife-35L',title:'35L Fish Tank Aquarium Curved Glass Filter Pump Light',weight:,l:,w:,h:},"
BD-AquaLife-35L-tank-cabinet,35L Fish Tank Aquarium Curved Glass Filter Pump Light WithCabinet Stand,,,,,,,"{sku:'BD-AquaLife-35L-tank-cabinet',title:'35L Fish Tank Aquarium Curved Glass Filter Pump Light WithCabinet Stand',weight:,l:,w:,h:},"
BD-AquaLife-70L,70L Fish Tank Aquarium Curved Glass Filter Pump Light,13.9,42,62,63,,,"{sku:'BD-AquaLife-70L',title:'70L Fish Tank Aquarium Curved Glass Filter Pump Light',weight:13.9,l:42,w:62,h:63},"
BD-AquaLife-S400-cabinet,Fish Tank Aquarium Cabinet Stand - 390 x 240 x 625 mm,10.3,76,50,10,,,"{sku:'BD-AquaLife-S400-cabinet',title:'Fish Tank Aquarium Cabinet Stand - 390 x 240 x 625 mm',weight:10.3,l:76,w:50,h:10},"
BD-AquaLife-S600-cabinet,Fish Tank Aquarium Cabinet Stand - 610 x 335 x 625 mm,,,,,,,"{sku:'BD-AquaLife-S600-cabinet',title:'Fish Tank Aquarium Cabinet Stand - 610 x 335 x 625 mm',weight:,l:,w:,h:},"
BD-AquaLife-100L-tank-cabinet,100L Fish Tank & Cabinet Stand Aquarium Curved Glass Filter Pump Light ,,,,,,,"{sku:'BD-AquaLife-100L-tank-cabinet',title:'100L Fish Tank & Cabinet Stand Aquarium Curved Glass Filter Pump Light ',weight:,l:,w:,h:},"
BD-WB-NB--120x180,Mobile Whiteboard Magnetic Marker White Board | 120x180cm,,,,,,,"{sku:'BD-WB-NB--120x180',title:'Mobile Whiteboard Magnetic Marker White Board | 120x180cm',weight:,l:,w:,h:},"
BD-pressure-cooker-11L,11L Pressure Cooker Stainless Steel - Commercial Grade,,,,,,,"{sku:'BD-pressure-cooker-11L',title:'11L Pressure Cooker Stainless Steel - Commercial Grade',weight:,l:,w:,h:},"
BD-DBL-PAN-40cm,40cm Double Pan Cook Frying Pan,,,,,,,"{sku:'BD-DBL-PAN-40cm',title:'40cm Double Pan Cook Frying Pan',weight:,l:,w:,h:},"
BD-pressure-cooker-6L,6L Pressure Cooker Stainless Steel - Commercial Grade,4.2,46,27,26,,,"{sku:'BD-pressure-cooker-6L',title:'6L Pressure Cooker Stainless Steel - Commercial Grade',weight:4.2,l:46,w:27,h:26},"
BD-pressure-cooker-9L,9L Pressure Cooker Stainless Steel - Commercial Grade,5.7,,,,,,"{sku:'BD-pressure-cooker-9L',title:'9L Pressure Cooker Stainless Steel - Commercial Grade',weight:5.7,l:,w:,h:},"
BD-BP-1816-black,Travel Backpack Laptop Hiking Rucksack - Black,0.8,47,38,9,,,"{sku:'BD-BP-1816-black',title:'Travel Backpack Laptop Hiking Rucksack - Black',weight:0.8,l:47,w:38,h:9},"
BD-BP-1816-orange,Travel Backpack Laptop Hiking Rucksack - Orange,0.8,47,38,9,,,"{sku:'BD-BP-1816-orange',title:'Travel Backpack Laptop Hiking Rucksack - Orange',weight:0.8,l:47,w:38,h:9},"
BD-BP-1816-red,Travel Backpack Laptop Hiking Rucksack - Red,0.8,47,38,9,,,"{sku:'BD-BP-1816-red',title:'Travel Backpack Laptop Hiking Rucksack - Red',weight:0.8,l:47,w:38,h:9},"
BD-BP-1816-blue,Travel Backpack Laptop Hiking Rucksack -Blue,0.8,47,38,9,,,"{sku:'BD-BP-1816-blue',title:'Travel Backpack Laptop Hiking Rucksack -Blue',weight:0.8,l:47,w:38,h:9},"
BD-BBQ-HZA8805,Portable Stainless Steel BBQ Charcoal Grill,4.2,64,33,13,,,"{sku:'BD-BBQ-HZA8805',title:'Portable Stainless Steel BBQ Charcoal Grill',weight:4.2,l:64,w:33,h:13},"
BD-HZA29,BBQ Charcoal Grill Portable Stainless Steel,2.3,44,31,7.5,,,"{sku:'BD-HZA29',title:'BBQ Charcoal Grill Portable Stainless Steel',weight:2.3,l:44,w:31,h:7.5},"
BD-PSSL03-2,Above Ground Swimming Pool Ladder 3 Steps,6.8,41,13,70,,,"{sku:'BD-PSSL03-2',title:'Above Ground Swimming Pool Ladder 3 Steps',weight:6.8,l:41,w:13,h:70},"
BD-Clock-400,Wall Clock Chrome Vintage Retro Quartz Modern 40cm,3.5,51,47,18,,,"{sku:'BD-Clock-400',title:'Wall Clock Chrome Vintage Retro Quartz Modern 40cm',weight:3.5,l:51,w:47,h:18},"
BD-Royce-sb-1000,Royce Hammer Drill ToolsProfessional 1000w13mm,2.3,29,27,8,,,"{sku:'BD-Royce-sb-1000',title:'Royce Hammer Drill ToolsProfessional 1000w13mm',weight:2.3,l:29,w:27,h:8},"
BD-Clock-16420-Roman,Roman Numeral Wall Clock Metal Casing Quartz,2.7,44,43,8.5,,,"{sku:'BD-Clock-16420-Roman',title:'Roman Numeral Wall Clock Metal Casing Quartz',weight:2.7,l:44,w:43,h:8.5},"
BD-PL6018,Wall Clock Aluminium Casing Home Decor Design Quartz,,,,,,,"{sku:'BD-PL6018',title:'Wall Clock Aluminium Casing Home Decor Design Quartz',weight:,l:,w:,h:},"
BD-Ankle_Weight-4kg,4kg Ankle Weight Wrist Power Strap Exercise,4.5,35,18,9,,,"{sku:'BD-Ankle_Weight-4kg',title:'4kg Ankle Weight Wrist Power Strap Exercise',weight:4.5,l:35,w:18,h:9},"
BD-Ankle_Weight-6kg,6kg Ankle Weight Wrist Power Strap Exercise,6.5,36,19,10,,,"{sku:'BD-Ankle_Weight-6kg',title:'6kg Ankle Weight Wrist Power Strap Exercise',weight:6.5,l:36,w:19,h:10},"
BD-ab-Wonder-Core-04,Ab Six Pack Crunch Sit Up Bench,5.7,56,14,49,,,"{sku:'BD-ab-Wonder-Core-04',title:'Ab Six Pack Crunch Sit Up Bench',weight:5.7,l:56,w:14,h:49},"
BD-XTS-661,Electronic Piano Keyboard Organ 61 Key,,,,,,,"{sku:'BD-XTS-661',title:'Electronic Piano Keyboard Organ 61 Key',weight:,l:,w:,h:},"
BD-Uni-Red-24-Inch,Fun Unicycle Circus Bike 24 Inch Red,5.8,61,19,62,,,"{sku:'BD-Uni-Red-24-Inch',title:'Fun Unicycle Circus Bike 24 Inch Red',weight:5.8,l:61,w:19,h:62},"
BD-Scale-40Kg,Price Weight Computing Digital Electronic Scale 40KGs,3.3,38,14,36,,,"{sku:'BD-Scale-40Kg',title:'Price Weight Computing Digital Electronic Scale 40KGs',weight:3.3,l:38,w:14,h:36},"
BD-CCTV-420TVL,12mm Lens CCTV Security Camera Weatherproof,,,,,,,"{sku:'BD-CCTV-420TVL',title:'12mm Lens CCTV Security Camera Weatherproof',weight:,l:,w:,h:},"
BD-L-STEAMER-36,36cm Stainless Steel Steamer | XL Large Commercial Steam Pot,6.3,38,39,61,,,"{sku:'BD-L-STEAMER-36',title:'36cm Stainless Steel Steamer | XL Large Commercial Steam Pot',weight:6.3,l:38,w:39,h:61},"
BD-L-STEAMER-40,40cm Stainless Steel Steamer | XL Large Commercial Steam Pot,,,,,,,"{sku:'BD-L-STEAMER-40',title:'40cm Stainless Steel Steamer | XL Large Commercial Steam Pot',weight:,l:,w:,h:},"
BD-L-STEAMER-47,47cm Stainless Steel Steamer | XL Large Commercial Steam Pot,17.7,50,51,70,,,"{sku:'BD-L-STEAMER-47',title:'47cm Stainless Steel Steamer | XL Large Commercial Steam Pot',weight:17.7,l:50,w:51,h:70},"
BD-L-STEAMER-52,52cm Stainless Steel Steamer | XL Large Commercial Steam Pot,12,55,54,75,,,"{sku:'BD-L-STEAMER-52',title:'52cm Stainless Steel Steamer | XL Large Commercial Steam Pot',weight:12,l:55,w:54,h:75},"
BD-CCTV-860HCH,6mm Lens CCTV Security Camera Weatherproof,0.62,26,12,70,,,"{sku:'BD-CCTV-860HCH',title:'6mm Lens CCTV Security Camera Weatherproof',weight:0.62,l:26,w:12,h:70},"
BD-BackStretcher,Back Stretcher Orthopedic Massager,0.8,59,20,4.5,,,"{sku:'BD-BackStretcher',title:'Back Stretcher Orthopedic Massager',weight:0.8,l:59,w:20,h:4.5},"
BD-Tool-W0329B,Double Ring Offset Wrench Spanner Tool Set - 12PCS,,,,,,,"{sku:'BD-Tool-W0329B',title:'Double Ring Offset Wrench Spanner Tool Set - 12PCS',weight:,l:,w:,h:},"
BD-Dumbbell-W,Dumbbell Fitness Shake Weight Workout - Women,,,,,,,"{sku:'BD-Dumbbell-W',title:'Dumbbell Fitness Shake Weight Workout - Women',weight:,l:,w:,h:},"
BD-Dumbbell-M,Dumbbell Fitness Shake Weight Workout -Men,1.9,36,12.5,12,,,"{sku:'BD-Dumbbell-M',title:'Dumbbell Fitness Shake Weight Workout -Men',weight:1.9,l:36,w:12.5,h:12},"
BD-NLW9020-Trolley,Folding Aluminium Trolley Heavy Duty 100kg,5.2,42,14,75,,,"{sku:'BD-NLW9020-Trolley',title:'Folding Aluminium Trolley Heavy Duty 100kg',weight:5.2,l:42,w:14,h:75},"
BD-NE-YLR0.044TS,Water Dispenser Cooler Hot & Cold Water,9.4,35,35,100,,,"{sku:'BD-NE-YLR0.044TS',title:'Water Dispenser Cooler Hot & Cold Water',weight:9.4,l:35,w:35,h:100},"
BD-JEK-08,Water Dispenser Bottle Filter | Purifier,2.6,29,29,43,,,"{sku:'BD-JEK-08',title:'Water Dispenser Bottle Filter | Purifier',weight:2.6,l:29,w:29,h:43},"
BD-flipchart-DS6090,FlipChart Magnetic Adjustable White Board,,,,,,,"{sku:'BD-flipchart-DS6090',title:'FlipChart Magnetic Adjustable White Board',weight:,l:,w:,h:},"
BD-BBQ-HZA8803,Foldable Stainless Steel Charcoal BBQ Grill,4.3,32,18,73,,,"{sku:'BD-BBQ-HZA8803',title:'Foldable Stainless Steel Charcoal BBQ Grill',weight:4.3,l:32,w:18,h:73},"
BD-PWS02,Pool Wall Skimmer Wide Mouth Liner,3.1,22.5,36,34.5,,,"{sku:'BD-PWS02',title:'Pool Wall Skimmer Wide Mouth Liner',weight:3.1,l:22.5,w:36,h:34.5},"
BD-BBQ-1018,Stainless Steel BBQ Charcoal Grill,3.4,40,29,28,,,"{sku:'BD-BBQ-1018',title:'Stainless Steel BBQ Charcoal Grill',weight:3.4,l:40,w:29,h:28},"
BD-FOLDING-CHAIR-037-Red,2 x Folding Office Chairs Padded Camping Picnic Arm Foldable Chair - Red,5.9,20.5,11,93,,,"{sku:'BD-FOLDING-CHAIR-037-Red',title:'2 x Folding Office Chairs Padded Camping Picnic Arm Foldable Chair - Red',weight:5.9,l:20.5,w:11,h:93},"
BD-FOLDING-CHAIR-037-Blue,2 x Folding Office Chairs Padded Camping Picnic Arm Foldable Chair - Blue,5.9,20.5,11,93,,,"{sku:'BD-FOLDING-CHAIR-037-Blue',title:'2 x Folding Office Chairs Padded Camping Picnic Arm Foldable Chair - Blue',weight:5.9,l:20.5,w:11,h:93},"
BD-Chess-3in1,3 in1 Magnetic Travel Game Chess Set,1.5,41,21,6,,,"{sku:'BD-Chess-3in1',title:'3 in1 Magnetic Travel Game Chess Set',weight:1.5,l:41,w:21,h:6},"
BD-AIRPOT-4L,4L Airpot Thermos Stainless Steel Vacuum Flask Insulated Pump Pot,,,,,,,"{sku:'BD-AIRPOT-4L',title:'4L Airpot Thermos Stainless Steel Vacuum Flask Insulated Pump Pot',weight:,l:,w:,h:},"
BD-Chess-5in1,5 in1 Magnetic Travel Game Chess Set,1.5,25,33,7,,,"{sku:'BD-Chess-5in1',title:'5 in1 Magnetic Travel Game Chess Set',weight:1.5,l:25,w:33,h:7},"
BD-BP-Army-90L-Green,Army Style Camping Hiking Mountain Back Pack - Green,2.9,38,4,79,,,"{sku:'BD-BP-Army-90L-Green',title:'Army Style Camping Hiking Mountain Back Pack - Green',weight:2.9,l:38,w:4,h:79},"
BD-BP-Army-90L-Grey,Army Style Camping Hiking Mountain Back Pack - Grey,2.9,38,4,79,,,"{sku:'BD-BP-Army-90L-Grey',title:'Army Style Camping Hiking Mountain Back Pack - Grey',weight:2.9,l:38,w:4,h:79},"
BD-Beer-Tower,Beer Tower Dispenser Tap - 3L,2.2,20,20,84,,,"{sku:'BD-Beer-Tower',title:'Beer Tower Dispenser Tap - 3L',weight:2.2,l:20,w:20,h:84},"
BD-BP-90L-blue,Camping Hiking Mountain Travel Backpacks 90L - Blue,2.9,38,4,79,,,"{sku:'BD-BP-90L-blue',title:'Camping Hiking Mountain Travel Backpacks 90L - Blue',weight:2.9,l:38,w:4,h:79},"
BD-StickyTape-36,Clear Packaging Tape Adhesive Sticky Tapes 48mm 75M - 36 pcs,5.9,32,22,30,,,"{sku:'BD-StickyTape-36',title:'Clear Packaging Tape Adhesive Sticky Tapes 48mm 75M - 36 pcs',weight:5.9,l:32,w:22,h:30},"
BD-StickyTape-72,Clear Packaging Tape Adhesive Sticky Tapes 48mm 75M - 72 pcs,11.7,42,32,30,,,"{sku:'BD-StickyTape-72',title:'Clear Packaging Tape Adhesive Sticky Tapes 48mm 75M - 72 pcs',weight:11.7,l:42,w:32,h:30},"
BD-Trolley-160kg,Folding Aluminium Trolley 160kg,5.6,57,8,79,,,"{sku:'BD-Trolley-160kg',title:'Folding Aluminium Trolley 160kg',weight:5.6,l:57,w:8,h:79},"
BD-06006-BATHTUB-PINK,Folding Bath Tub - Newborn Baby |Toddler | Walker- Pink,,,,,,,"{sku:'BD-06006-BATHTUB-PINK',title:'Folding Bath Tub - Newborn Baby |Toddler | Walker- Pink',weight:,l:,w:,h:},"
BD-POTATO-CHIPPER,French Fries Potatp Chipper Cutter,0.6,25,14,11,,,"{sku:'BD-POTATO-CHIPPER',title:'French Fries Potatp Chipper Cutter',weight:0.6,l:25,w:14,h:11},"
BD-BBQ-round,Korean BBQ Plate Grill Pan Non Stick Marble Coated Round,1.2,37,35,6,,,"{sku:'BD-BBQ-round',title:'Korean BBQ Plate Grill Pan Non Stick Marble Coated Round',weight:1.2,l:37,w:35,h:6},"
BD-BBQ-square,Korean BBQ Plate Grill Pan Non Stick Marble CoatedSquare,1.2,37,35,6,,,"{sku:'BD-BBQ-square',title:'Korean BBQ Plate Grill Pan Non Stick Marble CoatedSquare',weight:1.2,l:37,w:35,h:6},"
BD-WB-NB--60x90,Mobile Whiteboard Magnetic Marker White Board | 60x90cm,8.6,68,10,137,,,"{sku:'BD-WB-NB--60x90',title:'Mobile Whiteboard Magnetic Marker White Board | 60x90cm',weight:8.6,l:68,w:10,h:137},"
BD-Tool-W0329A,Offset Wrench Tool Set - 8PCS,1.52,39,10,7,,,"{sku:'BD-Tool-W0329A',title:'Offset Wrench Tool Set - 8PCS',weight:1.52,l:39,w:10,h:7},"
BD-GB086L-CHESS-DRINK,Shot Glass Chess Drinking Game Set Large Board Drink Games,2.3,39,39,7,,,"{sku:'BD-GB086L-CHESS-DRINK',title:'Shot Glass Chess Drinking Game Set Large Board Drink Games',weight:2.3,l:39,w:39,h:7},"
BD-SITUP-SCA2098,Sit Up Bench Press Multi Function Adjustable,,,,,,,"{sku:'BD-SITUP-SCA2098',title:'Sit Up Bench Press Multi Function Adjustable',weight:,l:,w:,h:},"
BD-Tool-82pcs-Tools,Spanners Wrenches Sockets and Accessories Tool Set,7.1,44,34,8,,,"{sku:'BD-Tool-82pcs-Tools',title:'Spanners Wrenches Sockets and Accessories Tool Set',weight:7.1,l:44,w:34,h:8},"
BD-8pec-cookware,Stainless Steel Cookware Saucepot 4 sets,3.5,30,30,23,,,"{sku:'BD-8pec-cookware',title:'Stainless Steel Cookware Saucepot 4 sets',weight:3.5,l:30,w:30,h:23},"
BD-Tool-W0327C,Wrench Spanner Tool Set Tool Set - 14PCS,2.3,39,10,7,,,"{sku:'BD-Tool-W0327C',title:'Wrench Spanner Tool Set Tool Set - 14PCS',weight:2.3,l:39,w:10,h:7},"
EVO-T-Bags,Original EVO Shopping Trolley Bags,,,,,,,"{sku:'EVO-T-Bags',title:'Original EVO Shopping Trolley Bags',weight:,l:,w:,h:},"
BD-W0327D,Wrench Spanners Tool Set Chrome Vanadium Steel,3.5,48,13,8,,,"{sku:'BD-W0327D',title:'Wrench Spanners Tool Set Chrome Vanadium Steel',weight:3.5,l:48,w:13,h:8},"
BD-airfryer-black,Super Chef Air Fryer Rotary Rotating Rotisserie Convection Oven 12L - Black,,,,,,,"{sku:'BD-airfryer-black',title:'Super Chef Air Fryer Rotary Rotating Rotisserie Convection Oven 12L - Black',weight:,l:,w:,h:},"
BD-airfryer-white,Super Chef Air Fryer Rotary Rotating Rotisserie Convection Oven 12L - White,,,,,,,"{sku:'BD-airfryer-white',title:'Super Chef Air Fryer Rotary Rotating Rotisserie Convection Oven 12L - White',weight:,l:,w:,h:},"
BD-Unicycle-Red-16,Unicycle Circus Bike Black | Red - Small,4.6,38,18,41,,,"{sku:'BD-Unicycle-Red-16',title:'Unicycle Circus Bike Black | Red - Small',weight:4.6,l:38,w:18,h:41},"
BD-YH-AC56-Compressor,Air Compressor Heavy Duty Tyre Inflator,6.4,40,25,24,,,"{sku:'BD-YH-AC56-Compressor',title:'Air Compressor Heavy Duty Tyre Inflator',weight:6.4,l:40,w:25,h:24},"
BD-Cup-Holder,Dispenser Cup Holder Magnetic,0.4,41,10,19,,,"{sku:'BD-Cup-Holder',title:'Dispenser Cup Holder Magnetic',weight:0.4,l:41,w:10,h:19},"
BD-PAC02,Auto Swimming Pool Cleaner Machine,6.5,86,18,52,,,"{sku:'BD-PAC02',title:'Auto Swimming Pool Cleaner Machine',weight:6.5,l:86,w:18,h:52},"
BD-waterFilter_36L,Water Filter Purifier Anti Bacteria,4.9,58,38,38,,,"{sku:'BD-waterFilter_36L',title:'Water Filter Purifier Anti Bacteria',weight:4.9,l:58,w:38,h:38},"
BD-KHE-08 x 4,Auto Swimming Pool Vacuum Cleaner Hose 4 Pieces,,,,,,,"{sku:'BD-KHE-08 x 4',title:'Auto Swimming Pool Vacuum Cleaner Hose 4 Pieces',weight:,l:,w:,h:},"
BD-Clock-14411,Round Wall Clock Aluminium Modern Decor Silent Quartz,2,41,40,11,,,"{sku:'BD-Clock-14411',title:'Round Wall Clock Aluminium Modern Decor Silent Quartz',weight:2,l:41,w:40,h:11},"
BD-SPIN_SCRUBBER,Spinning Scrubber Floor Brush Mop,1.4,56,23,9,,,"{sku:'BD-SPIN_SCRUBBER',title:'Spinning Scrubber Floor Brush Mop',weight:1.4,l:56,w:23,h:9},"
BD-2346-CHAFING-DISH,9L Bain Marie Chafing Dish Stainless Steel Food Warmer,,,,,,,"{sku:'BD-2346-CHAFING-DISH',title:'9L Bain Marie Chafing Dish Stainless Steel Food Warmer',weight:,l:,w:,h:},"
BD-LED-Clock-green,LED Digital Clock Large - Green,2,58,26,8,,,"{sku:'BD-LED-Clock-green',title:'LED Digital Clock Large - Green',weight:2,l:58,w:26,h:8},"
BD-LED-Clock-blue,LED Digital Clock Large -Blue,2,58,26,8,,,"{sku:'BD-LED-Clock-blue',title:'LED Digital Clock Large -Blue',weight:2,l:58,w:26,h:8},"
BD-LED-Clock-red,LED Digital Clock Large -Red,2,58,26,8,,,"{sku:'BD-LED-Clock-red',title:'LED Digital Clock Large -Red',weight:2,l:58,w:26,h:8},"
BD-FWAVE-M,Super Chef Oven Convection Micro Oven 17L,6.9,38,38,25,,,"{sku:'BD-FWAVE-M',title:'Super Chef Oven Convection Micro Oven 17L',weight:6.9,l:38,w:38,h:25},"
BD-WaterFilter-10L,10L Water Filter Bottle Bench Top Dispenser Purifier 8 Stage Ceramic Carbon,,,,,,,"{sku:'BD-WaterFilter-10L',title:'10L Water Filter Bottle Bench Top Dispenser Purifier 8 Stage Ceramic Carbon',weight:,l:,w:,h:},"
BD-WaterFilter-14L,14L Water Filter Bottle Bench Top Dispenser Purifier 8 Stage Ceramic Carbon,2.6,29,29,25,,,"{sku:'BD-WaterFilter-14L',title:'14L Water Filter Bottle Bench Top Dispenser Purifier 8 Stage Ceramic Carbon',weight:2.6,l:29,w:29,h:25},"
BD-WaterFilter-21L,21LWater Filter Bottle Bench Top Dispenser Purifier 8 Stage Ceramic Carbon,3.8,32,21,31,,,"{sku:'BD-WaterFilter-21L',title:'21LWater Filter Bottle Bench Top Dispenser Purifier 8 Stage Ceramic Carbon',weight:3.8,l:32,w:21,h:31},"
BD-WaterFilter-24L,24L Water Filter Bottle Bench Top Dispenser Purifier 8 Stage Ceramic Carbon,3.8,36,27,39,,,"{sku:'BD-WaterFilter-24L',title:'24L Water Filter Bottle Bench Top Dispenser Purifier 8 Stage Ceramic Carbon',weight:3.8,l:36,w:27,h:39},"
BD-WaterFilter-28L,28L Water Filter Bottle Bench Top Dispenser Purifier 8 Stage Ceramic Carbon,5.1,37,35,26,,,"{sku:'BD-WaterFilter-28L',title:'28L Water Filter Bottle Bench Top Dispenser Purifier 8 Stage Ceramic Carbon',weight:5.1,l:37,w:35,h:26},"
BD-WaterFilter-32L,32L Water Filter Bottle Bench Top Dispenser Purifier 8 Stage Ceramic Carbon,4.1,35,35,29,,,"{sku:'BD-WaterFilter-32L',title:'32L Water Filter Bottle Bench Top Dispenser Purifier 8 Stage Ceramic Carbon',weight:4.1,l:35,w:35,h:29},"
BD-GrillPro,GrillPro Non-Stick Cast Aluminium BBQ Pan,1.3,51,27,3,,,"{sku:'BD-GrillPro',title:'GrillPro Non-Stick Cast Aluminium BBQ Pan',weight:1.3,l:51,w:27,h:3},"
BD-INTEX-48259NP,Intex Inflatable Jumping Castle trampoline,12,56,17,42,,,"{sku:'BD-INTEX-48259NP',title:'Intex Inflatable Jumping Castle trampoline',weight:12,l:56,w:17,h:42},"
BD-CF-10L,Replacement Carbon Filter for 10L Water Bottle Bench Top Dispenser Purifier,1.5,10,10,16,,,"{sku:'BD-CF-10L',title:'Replacement Carbon Filter for 10L Water Bottle Bench Top Dispenser Purifier',weight:1.5,l:10,w:10,h:16},"
BD-CF-14L,Replacement Carbon Filter for 14L Water Bottle Bench Top Dispenser Purifier,1.5,10,10,16,,,"{sku:'BD-CF-14L',title:'Replacement Carbon Filter for 14L Water Bottle Bench Top Dispenser Purifier',weight:1.5,l:10,w:10,h:16},"
BD-CF-21L,Replacement Carbon Filter for 21L Water Bottle Bench Top Dispenser Purifier,1.5,11,11,16,,,"{sku:'BD-CF-21L',title:'Replacement Carbon Filter for 21L Water Bottle Bench Top Dispenser Purifier',weight:1.5,l:11,w:11,h:16},"
BD-CF-24L,Replacement Carbon Filter for 24L Water Bottle Bench Top Dispenser Purifier,1.5,11,11,16,,,"{sku:'BD-CF-24L',title:'Replacement Carbon Filter for 24L Water Bottle Bench Top Dispenser Purifier',weight:1.5,l:11,w:11,h:16},"
BD-CF-28L,Replacement Carbon Filter for 28L Water Bottle Bench Top Dispenser Purifier,1.5,11,11,16,,,"{sku:'BD-CF-28L',title:'Replacement Carbon Filter for 28L Water Bottle Bench Top Dispenser Purifier',weight:1.5,l:11,w:11,h:16},"
BD-CF-32L,Replacement Carbon Filter for 32L Water Bottle Bench Top Dispenser Purifier,1.5,11,11,16,,,"{sku:'BD-CF-32L',title:'Replacement Carbon Filter for 32L Water Bottle Bench Top Dispenser Purifier',weight:1.5,l:11,w:11,h:16},"
BD-CMF-10L,Replacement Ceramic Filter for 10L Water Bottle Bench Top Dispenser Purifier,1.5,11,11,12,,,"{sku:'BD-CMF-10L',title:'Replacement Ceramic Filter for 10L Water Bottle Bench Top Dispenser Purifier',weight:1.5,l:11,w:11,h:12},"
BD-CMF-14L,Replacement Ceramic Filter for 14L Water Bottle Bench Top Dispenser Purifier,1.5,12,11,12,,,"{sku:'BD-CMF-14L',title:'Replacement Ceramic Filter for 14L Water Bottle Bench Top Dispenser Purifier',weight:1.5,l:12,w:11,h:12},"
BD-CMF-21L,Replacement Ceramic Filter for 21L Water Bottle Bench Top Dispenser Purifier,1.5,12,11,12,,,"{sku:'BD-CMF-21L',title:'Replacement Ceramic Filter for 21L Water Bottle Bench Top Dispenser Purifier',weight:1.5,l:12,w:11,h:12},"
BD-CMF-24L,Replacement Ceramic Filter for 24L Water Bottle Bench Top Dispenser Purifier,1.5,12,11,12,,,"{sku:'BD-CMF-24L',title:'Replacement Ceramic Filter for 24L Water Bottle Bench Top Dispenser Purifier',weight:1.5,l:12,w:11,h:12},"
BD-CMF-28L,Replacement Ceramic Filter for 28L Water Bottle Bench Top Dispenser Purifier,1.5,12,11,12,,,"{sku:'BD-CMF-28L',title:'Replacement Ceramic Filter for 28L Water Bottle Bench Top Dispenser Purifier',weight:1.5,l:12,w:11,h:12},"
BD-CMF-32L,Replacement Ceramic Filter for 32L Water Bottle Bench Top Dispenser Purifier,1.5,12,11,12,,,"{sku:'BD-CMF-32L',title:'Replacement Ceramic Filter for 32L Water Bottle Bench Top Dispenser Purifier',weight:1.5,l:12,w:11,h:12},"
BD-dicer-fusion,Dicer fuson,2,32,18,18,,,"{sku:'BD-dicer-fusion',title:'Dicer fuson',weight:2,l:32,w:18,h:18},"
